{"lr-Adam": 0.0005, "trainer/global_step": 4322, "_timestamp": 1706776023.6350534, "_runtime": 112.37099432945251, "_step": 4325, "train_loss": 0.1475333720445633, "epoch": 0, "val_loss": 0.19435447454452515, "lr": 0.0004999996745027602, "_wandb": {"runtime": 111}}