{"lr-Adam": 4.7745751406263163e-05, "trainer/global_step": 1874, "_timestamp": 1706250824.618937, "_runtime": 326.564129114151, "_step": 1889, "train_loss": 0.1110648661851883, "epoch": 4, "val_loss": 0.1659955531358719, "lr": 4.774574699695222e-05, "_wandb": {"runtime": 326}}