{"lr-Adam": 4.7745751406263163e-05, "trainer/global_step": 2429, "_timestamp": 1706685691.0283413, "_runtime": 421.3704113960266, "_step": 2444, "train_loss": 0.17359736561775208, "epoch": 4, "val_loss": 0.16545769572257996, "lr": 4.774574699695222e-05, "_wandb": {"runtime": 421}}