,PaiNN,SchNet,DimeNet,DimeNetPlusPlus,SphereNet,Equiformer
80000,0.44687694,0.4199182,0.60378385,0.6736777,0.5530833,0.396808
40000,0.4574752,0.45504326,0.61673224,0.6981397,0.67808914,0.37073475
10000,0.68005884,0.65180784,0.7575538,0.8281606,0.7958012,0.5872648
5000,0.8128857,0.76028913,0.7501065,2.1708002,0.7927326,0.7184563
