{"lr-Adam": 4.7745751406263163e-05, "trainer/global_step": 4999, "_timestamp": 1707149092.6706088, "_runtime": 505.9320456981659, "_step": 5014, "train_loss": 1.444818377494812, "epoch": 4, "val_loss": 1.3698521852493286, "lr": 4.774575791088864e-05, "_wandb": {"runtime": 505}}