{"lr-Adam": 0.0005, "trainer/global_step": 999, "_timestamp": 1706858745.8971446, "_runtime": 85.71590757369995, "_step": 1002, "train_loss": 3.0484344959259033, "epoch": 0, "val_loss": 1.9538280963897705, "lr": 0.0005000000237487257, "_wandb": {"runtime": 85}}