{"lr-Adam": 4.7745751406263163e-05, "trainer/global_step": 19999, "_timestamp": 1706758291.4034376, "_runtime": 490.36178851127625, "_step": 20014, "train_loss": 0.5756152868270874, "epoch": 4, "val_loss": 0.7441319227218628, "lr": 4.774573244503699e-05, "_wandb": {"runtime": 489}}