{"lr-Adam": 0.0004522542485937369, "trainer/global_step": 793, "_timestamp": 1706774542.2618814, "_runtime": 164.58144235610962, "_step": 797, "train_loss": 0.19193468987941742, "epoch": 1, "val_loss": 0.17020390927791595, "lr": 0.0005000001401640475}