{"lr-Adam": 0.0005, "trainer/global_step": 1333, "_timestamp": 1706859753.581757, "_runtime": 54.87187218666077, "_step": 1336, "train_loss": 2.700613260269165, "epoch": 0, "val_loss": 2.0723390579223633, "lr": 0.000500000489410013, "_wandb": {"runtime": 54}}