{"lr-Adam": 0.0005, "trainer/global_step": 3999, "_timestamp": 1706778585.7248573, "_runtime": 99.9265444278717, "_step": 4002, "train_loss": 1.5311079025268555, "epoch": 0, "val_loss": 1.1802904605865479, "lr": 0.0005000000237487257, "_wandb": {"runtime": 99}}