{"lr-Adam": 0.00012500000000000006, "trainer/global_step": 11999, "_timestamp": 1706778888.1227055, "_runtime": 297.56067657470703, "_step": 12008, "train_loss": 0.5706438422203064, "epoch": 2, "val_loss": 0.7497583031654358, "lr": 0.00012499999138526618, "_wandb": {"runtime": 296}}