{"lr-Adam": 0.0005, "trainer/global_step": 799, "_timestamp": 1706858806.9693785, "_runtime": 33.15153455734253, "_step": 802, "train_loss": 6.08248233795166, "epoch": 0, "val_loss": 6.208204746246338, "lr": 0.0005000001401640475, "_wandb": {"runtime": 32}}