{"lr-Adam": 4.7745751406263163e-05, "trainer/global_step": 2704, "_timestamp": 1706772910.5897527, "_runtime": 470.731814622879, "_step": 2719, "train_loss": 0.2038230001926422, "epoch": 4, "val_loss": 0.162867471575737, "lr": 4.774577246280387e-05, "_wandb": {"runtime": 470}}