{"lr-Adam": 4.7745751406263163e-05, "trainer/global_step": 2704, "_timestamp": 1706776464.6465251, "_runtime": 434.3082580566406, "_step": 2719, "train_loss": 0.17063461244106293, "epoch": 4, "val_loss": 0.16418743133544922, "lr": 4.774573244503699e-05, "_wandb": {"runtime": 433}}