{"train_loss": 624636461056.0, "epoch": 0, "trainer/global_step": 38, "_timestamp": 1701439232.310629, "_runtime": 71.21305894851685, "_step": 38, "_wandb": {"runtime": 72}}