{"lr-Adam": 4.774575140626329e-05, "trainer/global_step": 14299, "_timestamp": 1706861689.580713, "_runtime": 686.6766231060028, "_step": 14374, "train_loss": 1.0546565055847168, "epoch": 24, "val_loss": 1.0187128782272339, "lr": 4.774576882482506e-05, "_wandb": {"runtime": 686}}