{"lr-Adam": 0.0005, "trainer/global_step": 999, "_timestamp": 1706859833.0939517, "_runtime": 52.52847480773926, "_step": 1002, "train_loss": 4.98643684387207, "epoch": 0, "val_loss": 4.685535907745361, "lr": 0.000499999790918082}