{"lr-Adam": 0.0005, "trainer/global_step": 999, "_timestamp": 1706859662.743807, "_runtime": 285.92025113105774, "_step": 1002, "train_loss": 5.68565559387207, "epoch": 0, "val_loss": 1.9249885082244873, "lr": 0.0005000000819563866, "_wandb": {"runtime": 126}}