{"lr-Adam": 0.0003618033988749895, "trainer/global_step": 1499, "_timestamp": 1707215097.198211, "_runtime": 520.9941079616547, "_step": 1508, "train_loss": 3.2557895183563232, "epoch": 2, "val_loss": 2.1379172801971436, "lr": 0.0003618035407271236, "_wandb": {"runtime": 521}}