{"train_loss": 0.5379311442375183, "epoch": 95, "trainer/global_step": 190337, "_timestamp": 1701686355.3580275, "_runtime": 154813.2655365467, "_step": 190432, "val_loss": 0.7555931806564331}