,PaiNN,SchNet,DimeNet,DimeNetPlusPlus,SphereNet,Equiformer
80000,0.46585676,0.43179703,0.62052613,0.6774613,0.56389827,0.35630462
40000,0.5819886,0.5496382,0.723483,0.7868837,0.832565,0.5195018
10000,0.6852124,0.7695117,0.8790281,0.94096875,0.90707725,0.7874466
5000,0.9609593,0.9817532,0.9779507,1.2064533,1.0742068,0.8849949
