{"lr-Adam": 4.7745751406263163e-05, "trainer/global_step": 2499, "_timestamp": 1706757779.3531322, "_runtime": 386.6747603416443, "_step": 2514, "train_loss": 1.0497843027114868, "epoch": 4, "val_loss": 1.1800118684768677, "lr": 4.774574699695222e-05, "_wandb": {"runtime": 385}}