{"lr-Adam": 0.0005, "trainer/global_step": 499, "_timestamp": 1706858630.8533158, "_runtime": 30.41282892227173, "_step": 502, "train_loss": 3.1604645252227783, "epoch": 0, "val_loss": 3.7344393730163574, "lr": 0.0004999997327104211, "_wandb": {"runtime": 29}}