{"lr-Adam": 0.00012500000000000006, "trainer/global_step": 11999, "_timestamp": 1706782174.9882228, "_runtime": 314.69962978363037, "_step": 12008, "train_loss": 0.27737611532211304, "epoch": 2, "val_loss": 0.7611998319625854, "lr": 0.00012500007869675756, "_wandb": {"runtime": 311}}