{"lr-Adam": 4.7745751406263163e-05, "trainer/global_step": 2704, "_timestamp": 1706771256.3892338, "_runtime": 836.2054347991943, "_step": 2719, "train_loss": 0.1601366251707077, "epoch": 4, "val_loss": 0.1632414162158966, "lr": 4.774574699695222e-05, "_wandb": {"runtime": 835}}