{"lr-Adam": 0.0005, "trainer/global_step": 1337, "_timestamp": 1706772183.1800294, "_runtime": 215.20379948616028, "_step": 1346, "train_loss": 0.1517333984375, "epoch": 2, "val_loss": 0.16436322033405304, "lr": 0.000499999790918082}