{"lr-Adam": 0.0005, "trainer/global_step": 7905, "_timestamp": 1706758508.8751216, "_runtime": 197.48242449760437, "_step": 7910, "train_loss": 1.0007226467132568, "epoch": 1, "val_loss": 1.0146151781082153, "lr": 0.0004999998491257429}