{"lr-Adam": 0.00032725424859373687, "trainer/global_step": 4001, "_timestamp": 1707216761.4857728, "_runtime": 116.29504776000977, "_step": 4010, "train_loss": 3.3443379402160645, "epoch": 2, "val_loss": 1.7136039733886719, "lr": 0.0003272542089689523, "_wandb": {"runtime": 115}}