{"lr-Adam": 4.7745751406263163e-05, "trainer/global_step": 2499, "_timestamp": 1706757341.063058, "_runtime": 426.6894738674164, "_step": 2514, "train_loss": 0.8987780213356018, "epoch": 4, "val_loss": 1.178953766822815, "lr": 4.774575063493103e-05, "_wandb": {"runtime": 426}}