{"train_loss": 2962780.0, "epoch": 4, "trainer/global_step": 4999, "_timestamp": 1701434277.7849689, "_runtime": 5279.036937952042, "_step": 5004, "val_loss": 2448570.25, "_wandb": {"runtime": 5278}}