{"train_loss": 24573081600.0, "epoch": 0, "trainer/global_step": 112, "_timestamp": 1701438770.1684163, "_runtime": 140.48785829544067, "_step": 112}